{"cameraMode":{"drawMode":0,"name":"Shaded","section":"Shading Mode"},"sceneLighting":true,"audioPlay":false,"sceneViewState":{"m_AlwaysRefresh":false,"showFog":true,"showSkybox":true,"showFlares":true,"showImageEffects":true,"showParticleSystems":true,"showVisualEffectGraphs":true,"m_FxEnabled":false},"in2DMode":false,"pivot":{"x":0.314169317483902,"y":1.744702935218811,"z":-2.005460500717163},"rotation":{"x":0.02048328146338463,"y":-0.22013390064239503,"z":0.004624266643077135,"w":0.9752495884895325},"size":2.0720558166503908,"orthographic":false}