{"cameraMode":{"drawMode":0,"name":"Shaded","section":"Shading Mode"},"sceneLighting":true,"audioPlay":false,"sceneViewState":{"m_AlwaysRefresh":false,"showFog":true,"showSkybox":true,"showFlares":true,"showImageEffects":true,"showParticleSystems":true,"showVisualEffectGraphs":true,"m_FxEnabled":false},"in2DMode":false,"pivot":{"x":122.9602279663086,"y":16.969791412353517,"z":8.291070938110352},"rotation":{"x":0.00449272058904171,"y":-0.05696861445903778,"z":0.0002565805334597826,"w":0.9983676075935364},"size":67.8880615234375,"orthographic":true}