{"cameraMode":{"drawMode":0,"name":"Shaded","section":"Shading Mode"},"sceneLighting":true,"audioPlay":false,"sceneViewState":{"m_AlwaysRefresh":false,"showFog":true,"showSkybox":true,"showFlares":true,"showImageEffects":true,"showParticleSystems":true,"showVisualEffectGraphs":true,"m_FxEnabled":false},"in2DMode":false,"pivot":{"x":74.18321990966797,"y":0.06000541150569916,"z":-8.67354965209961},"rotation":{"x":-0.023950088769197465,"y":0.06294023990631104,"z":0.0015108531806617976,"w":0.9977287650108337},"size":9.018928527832032,"orthographic":true}